,도시,시간,온도,체감온도,습도
0,Asia/Seoul,1651449600,283.76,282.89,77
1,Asia/Seoul,1651453200,284.0,283.13,76
2,Asia/Seoul,1651456800,284.35,283.46,74
3,Asia/Seoul,1651460400,284.37,283.38,70
4,Asia/Seoul,1651464000,284.41,283.37,68
5,Asia/Seoul,1651467600,284.58,283.55,68
6,Asia/Seoul,1651471200,284.41,283.29,65
7,Asia/Seoul,1651474800,284.08,282.93,65
8,Asia/Seoul,1651478400,284.03,282.92,67
9,Asia/Seoul,1651482000,284.01,282.9,67
10,Asia/Seoul,1651485600,283.92,282.83,68
11,Asia/Seoul,1651489200,283.93,282.89,70
12,Asia/Seoul,1651492800,284.03,283.05,72
13,Asia/Seoul,1651496400,283.81,282.86,74
14,Asia/Seoul,1651500000,283.75,282.85,76
15,Asia/Seoul,1651503600,283.64,282.73,76
16,Asia/Seoul,1651507200,283.74,282.73,72
17,Asia/Seoul,1651510800,283.84,282.71,67
18,Asia/Seoul,1651514400,283.91,282.69,63
19,Asia/Seoul,1651518000,283.88,282.65,63
20,Asia/Seoul,1651521600,283.93,282.66,61
21,Asia/Seoul,1651525200,284.01,282.77,62
22,Asia/Seoul,1651528800,284.05,282.79,61
23,Asia/Seoul,1651532400,284.2,282.93,60
24,Asia/Seoul,1651536000,284.25,282.98,60
25,Asia/Seoul,1651539600,284.14,282.91,62
26,Asia/Seoul,1651543200,284.05,282.89,65
27,Asia/Seoul,1651546800,284.06,282.9,65
28,Asia/Seoul,1651550400,284.03,282.95,68
29,Asia/Seoul,1651554000,284.06,283.03,70
30,Asia/Seoul,1651557600,284.4,283.41,70
31,Asia/Seoul,1651561200,284.42,283.43,70
32,Asia/Seoul,1651564800,284.44,283.48,71
33,Asia/Seoul,1651568400,284.53,283.63,73
34,Asia/Seoul,1651572000,284.33,283.44,74
35,Asia/Seoul,1651575600,284.38,283.49,74
36,Asia/Seoul,1651579200,284.47,283.59,74
37,Asia/Seoul,1651582800,284.41,283.52,74
38,Asia/Seoul,1651586400,284.47,283.59,74
39,Asia/Seoul,1651590000,284.4,283.51,74
40,Asia/Seoul,1651593600,284.42,283.56,75
41,Asia/Seoul,1651597200,284.41,283.55,75
42,Asia/Seoul,1651600800,284.41,283.58,76
43,Asia/Seoul,1651604400,284.41,283.6,77
44,Asia/Seoul,1651608000,284.41,283.63,78
45,Asia/Seoul,1651611600,284.29,283.52,79
46,Asia/Seoul,1651615200,284.27,283.5,79
47,Asia/Seoul,1651618800,284.41,283.65,79
48,Asia/Seoul,1651622400,284.64,283.88,78
49,Asia/Seoul,1651626000,284.6,283.84,78
50,Asia/Seoul,1651629600,284.58,283.84,79
51,Asia/Seoul,1651633200,284.67,283.94,79
52,Asia/Seoul,1651636800,284.71,284.01,80
53,Asia/Seoul,1651640400,284.81,284.15,81
54,Asia/Seoul,1651644000,285.02,284.38,81
55,Asia/Seoul,1651647600,285.04,284.43,82
56,Asia/Seoul,1651651200,285.06,284.47,83
57,Asia/Seoul,1651654800,285.04,284.48,84
58,Asia/Seoul,1651658400,284.98,284.44,85
59,Asia/Seoul,1651662000,284.93,284.38,85
60,Asia/Seoul,1651665600,285.04,284.48,84
61,Asia/Seoul,1651669200,285.04,284.48,84
62,Asia/Seoul,1651672800,285.08,284.52,84
63,Asia/Seoul,1651676400,284.94,284.37,84
64,Asia/Seoul,1651680000,284.92,284.37,85
65,Asia/Seoul,1651683600,284.87,284.32,85
66,Asia/Seoul,1651687200,284.7,284.16,86
67,Asia/Seoul,1651690800,284.61,284.03,85
68,Asia/Seoul,1651694400,284.71,284.11,84
69,Asia/Seoul,1651698000,284.71,284.09,83
70,Asia/Seoul,1651701600,284.69,284.07,83
71,Asia/Seoul,1651705200,284.81,284.17,82
72,Asia/Seoul,1651708800,284.87,284.24,82
73,Asia/Seoul,1651712400,284.96,284.34,82
74,Asia/Seoul,1651716000,284.95,284.35,83
75,Asia/Seoul,1651719600,285.01,284.44,84
76,Asia/Seoul,1651723200,285.11,284.58,85
77,Asia/Seoul,1651726800,285.14,284.67,87
78,Asia/Seoul,1651730400,285.37,284.92,87
79,Asia/Seoul,1651734000,285.57,285.11,86
80,Asia/Seoul,1651737600,285.61,285.16,86
81,Asia/Seoul,1651741200,285.6,285.15,86
82,Asia/Seoul,1651744800,285.75,285.34,87
83,Asia/Seoul,1651748400,285.48,285.07,88
84,Asia/Seoul,1651752000,285.73,285.37,89
85,Asia/Seoul,1651755600,285.59,285.24,90
86,Asia/Seoul,1651759200,285.64,285.29,90
87,Asia/Seoul,1651762800,285.5,285.17,91
88,Asia/Seoul,1651766400,285.41,285.07,91
89,Asia/Seoul,1651770000,285.63,285.26,89
90,Asia/Seoul,1651773600,285.76,285.37,88
91,Asia/Seoul,1651777200,285.75,285.36,88
92,Asia/Seoul,1651780800,285.71,285.32,88
93,Asia/Seoul,1651784400,285.76,285.37,88
94,Asia/Seoul,1651788000,285.65,285.28,89
95,Asia/Seoul,1651791600,285.65,285.31,90
96,Asia/Seoul,1651795200,285.9,285.61,91
97,Asia/Seoul,1651798800,286.06,285.78,91
98,Asia/Seoul,1651802400,286.06,285.78,91
99,Asia/Seoul,1651806000,286.16,285.92,92
100,Asia/Seoul,1651809600,286.22,286.01,93
101,Asia/Seoul,1651813200,286.52,286.34,93
102,Asia/Seoul,1651816800,286.89,286.72,92
103,Asia/Seoul,1651820400,287.09,286.97,93
104,Asia/Seoul,1651824000,287.13,287.01,93
105,Asia/Seoul,1651827600,287.21,287.1,93
106,Asia/Seoul,1651831200,287.19,287.1,94
107,Asia/Seoul,1651834800,286.94,286.83,94
108,Asia/Seoul,1651838400,286.84,286.75,95
109,Asia/Seoul,1651842000,286.57,286.47,96
110,Asia/Seoul,1651845600,286.42,286.31,96
111,Asia/Seoul,1651849200,286.11,285.99,97
112,Asia/Seoul,1651852800,285.76,285.64,98
113,Asia/Seoul,1651856400,285.62,285.51,99
114,Asia/Seoul,1651860000,285.53,285.43,100
115,Asia/Seoul,1651863600,285.32,285.2,100
116,Asia/Seoul,1651867200,285.12,284.96,99
117,Asia/Seoul,1651870800,285.13,284.97,99
118,Asia/Seoul,1651874400,285.42,285.16,94
119,Asia/Seoul,1651878000,285.18,284.81,91
120,Europe/London,1651449600,281.75,281.75,93
121,Europe/London,1651453200,281.69,281.69,93
122,Europe/London,1651456800,281.74,281.74,92
123,Europe/London,1651460400,281.77,281.77,92
124,Europe/London,1651464000,281.61,281.61,92
125,Europe/London,1651467600,281.68,281.68,91
126,Europe/London,1651471200,282.31,282.31,91
127,Europe/London,1651474800,282.98,282.98,88
128,Europe/London,1651478400,283.83,283.12,83
129,Europe/London,1651482000,285.1,284.39,78
130,Europe/London,1651485600,286.02,285.27,73
131,Europe/London,1651489200,286.33,285.61,73
132,Europe/London,1651492800,286.81,286.11,72
133,Europe/London,1651496400,287.51,286.75,67
134,Europe/London,1651500000,287.88,287.11,65
135,Europe/London,1651503600,288.75,287.98,62
136,Europe/London,1651507200,288.83,288.07,62
137,Europe/London,1651510800,288.36,287.61,64
138,Europe/London,1651514400,287.69,286.98,68
139,Europe/London,1651518000,286.99,286.31,72
140,Europe/London,1651521600,286.08,285.41,76
141,Europe/London,1651525200,285.59,284.93,78
142,Europe/London,1651528800,285.12,284.49,81
143,Europe/London,1651532400,284.71,284.06,82
144,Europe/London,1651536000,284.47,283.82,83
145,Europe/London,1651539600,284.17,283.55,85
146,Europe/London,1651543200,284.01,283.37,85
147,Europe/London,1651546800,283.59,282.94,86
148,Europe/London,1651550400,283.43,282.79,87
149,Europe/London,1651554000,283.0,282.63,89
150,Europe/London,1651557600,283.73,283.14,88
151,Europe/London,1651561200,284.92,284.29,82
152,Europe/London,1651564800,285.82,285.18,78
153,Europe/London,1651568400,286.5,285.9,77
154,Europe/London,1651572000,287.31,286.74,75
155,Europe/London,1651575600,287.65,287.11,75
156,Europe/London,1651579200,288.3,287.83,75
157,Europe/London,1651582800,289.02,288.52,71
158,Europe/London,1651586400,288.46,287.9,71
159,Europe/London,1651590000,287.68,287.15,75
160,Europe/London,1651593600,286.83,286.29,78
161,Europe/London,1651597200,286.37,285.84,80
162,Europe/London,1651600800,285.88,285.38,83
163,Europe/London,1651604400,285.49,284.95,83
164,Europe/London,1651608000,284.89,284.34,85
165,Europe/London,1651611600,284.58,284.05,87
166,Europe/London,1651615200,284.07,283.52,88
167,Europe/London,1651618800,283.8,283.24,89
168,Europe/London,1651622400,283.58,283.05,91
169,Europe/London,1651626000,283.48,283.0,93
170,Europe/London,1651629600,283.1,282.41,92
171,Europe/London,1651633200,282.99,282.43,92
172,Europe/London,1651636800,282.64,281.83,91
173,Europe/London,1651640400,282.74,281.63,92
174,Europe/London,1651644000,283.1,281.77,93
175,Europe/London,1651647600,283.9,283.43,92
176,Europe/London,1651651200,284.74,284.3,90
177,Europe/London,1651654800,286.21,285.79,85
178,Europe/London,1651658400,287.97,287.6,80
179,Europe/London,1651662000,288.59,288.2,77
180,Europe/London,1651665600,288.17,287.74,77
181,Europe/London,1651669200,287.88,287.45,78
182,Europe/London,1651672800,287.06,286.7,84
183,Europe/London,1651676400,288.02,287.63,79
184,Europe/London,1651680000,289.4,288.96,72
185,Europe/London,1651683600,288.72,288.24,73
186,Europe/London,1651687200,287.58,287.12,78
187,Europe/London,1651690800,286.12,285.77,88
188,Europe/London,1651694400,285.68,285.36,91
189,Europe/London,1651698000,285.3,284.97,92
190,Europe/London,1651701600,284.46,284.07,93
191,Europe/London,1651705200,284.01,283.58,93
192,Europe/London,1651708800,283.41,282.89,92
193,Europe/London,1651712400,282.38,280.91,91
194,Europe/London,1651716000,281.18,279.39,92
195,Europe/London,1651719600,280.85,279.03,92
196,Europe/London,1651723200,280.52,278.6,93
197,Europe/London,1651726800,280.32,278.34,93
198,Europe/London,1651730400,282.17,280.42,93
199,Europe/London,1651734000,284.33,283.83,89
200,Europe/London,1651737600,285.24,284.67,83
201,Europe/London,1651741200,287.18,286.65,77
202,Europe/London,1651744800,288.32,287.75,71
203,Europe/London,1651748400,289.55,289.0,67
204,Europe/London,1651752000,290.72,290.15,62
205,Europe/London,1651755600,291.59,291.03,59
206,Europe/London,1651759200,291.66,291.08,58
207,Europe/London,1651762800,291.29,290.6,55
208,Europe/London,1651766400,291.42,290.74,55
209,Europe/London,1651770000,290.8,290.16,59
210,Europe/London,1651773600,290.4,289.8,62
211,Europe/London,1651777200,288.14,287.68,76
212,Europe/London,1651780800,287.14,286.71,81
213,Europe/London,1651784400,286.0,285.43,80
214,Europe/London,1651788000,284.76,284.22,86
215,Europe/London,1651791600,283.79,283.21,88
216,Europe/London,1651795200,283.35,282.72,88
217,Europe/London,1651798800,282.66,282.66,90
218,Europe/London,1651802400,281.74,281.74,90
219,Europe/London,1651806000,282.47,282.47,90
220,Europe/London,1651809600,282.35,282.35,91
221,Europe/London,1651813200,282.0,282.0,92
222,Europe/London,1651816800,283.91,283.5,94
223,Europe/London,1651820400,285.87,285.5,88
224,Europe/London,1651824000,288.16,287.86,82
225,Europe/London,1651827600,290.5,290.22,74
226,Europe/London,1651831200,292.09,291.68,63
227,Europe/London,1651834800,293.36,292.82,53
228,Europe/London,1651838400,293.46,292.75,46
229,Europe/London,1651842000,293.74,293.24,53
230,Europe/London,1651845600,293.15,292.75,59
231,Europe/London,1651849200,292.78,292.44,63
232,Europe/London,1651852800,291.07,290.72,69
233,Europe/London,1651856400,289.87,289.5,73
234,Europe/London,1651860000,288.86,288.47,76
235,Europe/London,1651863600,288.15,287.74,78
236,Europe/London,1651867200,287.49,287.04,79
237,Europe/London,1651870800,287.32,286.8,77
238,Europe/London,1651874400,286.84,286.3,78
239,Europe/London,1651878000,286.17,285.64,81
240,America/New_York,1651449600,289.9,290.08,94
241,America/New_York,1651453200,288.83,288.96,96
242,America/New_York,1651456800,289.68,289.84,94
243,America/New_York,1651460400,289.61,289.84,97
244,America/New_York,1651464000,290.25,290.44,93
245,America/New_York,1651467600,290.12,290.3,93
246,America/New_York,1651471200,290.45,290.66,93
247,America/New_York,1651474800,290.42,290.63,93
248,America/New_York,1651478400,290.07,290.25,93
249,America/New_York,1651482000,289.54,289.72,95
250,America/New_York,1651485600,288.96,289.13,97
251,America/New_York,1651489200,292.53,293.06,97
252,America/New_York,1651492800,292.17,292.43,88
253,America/New_York,1651496400,294.16,294.35,78
254,America/New_York,1651500000,296.16,296.42,73
255,America/New_York,1651503600,298.16,298.31,61
256,America/New_York,1651507200,299.17,299.17,47
257,America/New_York,1651510800,300.17,300.59,50
258,America/New_York,1651514400,301.17,301.36,47
259,America/New_York,1651518000,301.16,301.35,47
260,America/New_York,1651521600,301.17,301.36,47
261,America/New_York,1651525200,301.15,301.34,47
262,America/New_York,1651528800,301.17,301.12,44
263,America/New_York,1651532400,300.16,300.58,50
264,America/New_York,1651536000,296.17,296.3,68
265,America/New_York,1651539600,293.16,293.38,83
266,America/New_York,1651543200,291.18,291.49,94
267,America/New_York,1651546800,291.17,291.48,94
268,America/New_York,1651550400,290.16,290.37,94
269,America/New_York,1651554000,290.16,290.37,94
270,America/New_York,1651557600,289.16,289.43,100
271,America/New_York,1651561200,291.15,291.3,88
272,America/New_York,1651564800,291.14,291.45,94
273,America/New_York,1651568400,291.15,291.46,94
274,America/New_York,1651572000,289.17,289.28,94
275,America/New_York,1651575600,289.17,289.44,100
276,America/New_York,1651579200,292.17,292.58,94
277,America/New_York,1651582800,294.16,294.35,78
278,America/New_York,1651586400,295.16,295.32,73
279,America/New_York,1651590000,296.16,296.42,73
280,America/New_York,1651593600,295.16,295.32,73
281,America/New_York,1651597200,295.16,295.32,73
282,America/New_York,1651600800,296.16,296.29,68
283,America/New_York,1651604400,296.16,296.29,68
284,America/New_York,1651608000,297.16,297.42,69
285,America/New_York,1651611600,296.16,296.29,68
286,America/New_York,1651615200,293.16,293.23,77
287,America/New_York,1651618800,290.15,290.2,88
288,America/New_York,1651622400,290.14,290.04,82
289,America/New_York,1651626000,289.15,289.26,94
290,America/New_York,1651629600,289.15,289.26,94
291,America/New_York,1651633200,289.15,289.42,100
292,America/New_York,1651636800,289.14,289.41,100
293,America/New_York,1651640400,289.15,289.42,100
294,America/New_York,1651644000,290.14,290.35,94
295,America/New_York,1651647600,290.14,290.35,94
296,America/New_York,1651651200,290.15,290.52,100
297,America/New_York,1651654800,291.14,291.45,94
298,America/New_York,1651658400,289.16,289.43,100
299,America/New_York,1651662000,290.15,290.36,94
300,America/New_York,1651665600,291.16,291.47,94
301,America/New_York,1651669200,294.16,294.48,83
302,America/New_York,1651672800,296.17,296.43,73
303,America/New_York,1651676400,297.16,297.52,73
304,America/New_York,1651680000,299.16,299.16,65
305,America/New_York,1651683600,300.17,301.33,61
306,America/New_York,1651687200,302.16,303.34,54
307,America/New_York,1651690800,302.16,303.34,54
308,America/New_York,1651694400,301.16,302.29,57
309,America/New_York,1651698000,299.16,299.16,65
310,America/New_York,1651701600,298.16,298.52,69
311,America/New_York,1651705200,298.16,298.62,73
312,America/New_York,1651708800,296.16,296.81,88
313,America/New_York,1651712400,296.16,296.68,83
314,America/New_York,1651716000,295.14,295.56,83
315,America/New_York,1651719600,294.16,294.61,88
316,America/New_York,1651723200,294.16,294.61,88
317,America/New_York,1651726800,293.15,293.5,88
318,America/New_York,1651730400,292.16,292.57,94
319,America/New_York,1651734000,292.15,292.56,94
320,America/New_York,1651737600,292.14,292.11,77
321,America/New_York,1651741200,291.16,291.03,77
322,America/New_York,1651744800,290.16,289.93,77
323,America/New_York,1651748400,289.17,288.97,82
324,America/New_York,1651752000,290.16,289.93,77
325,America/New_York,1651755600,292.14,291.87,68
326,America/New_York,1651759200,293.13,292.85,64
327,America/New_York,1651762800,293.16,292.89,64
328,America/New_York,1651766400,293.16,292.89,64
329,America/New_York,1651770000,294.13,293.95,64
330,America/New_York,1651773600,294.14,293.86,60
331,America/New_York,1651777200,294.15,293.98,64
332,America/New_York,1651780800,294.16,293.99,64
333,America/New_York,1651784400,294.15,293.98,64
334,America/New_York,1651788000,294.14,293.97,64
335,America/New_York,1651791600,293.14,292.97,68
336,America/New_York,1651795200,292.14,292.11,77
337,America/New_York,1651798800,291.14,291.14,82
338,America/New_York,1651802400,290.16,290.06,82
339,America/New_York,1651806000,289.15,289.1,88
340,America/New_York,1651809600,287.16,287.07,94
341,America/New_York,1651813200,287.15,287.06,94
342,America/New_York,1651816800,287.15,287.06,94
343,America/New_York,1651820400,286.15,286.12,100
344,America/New_York,1651824000,287.14,287.05,94
345,America/New_York,1651827600,287.14,287.05,94
346,America/New_York,1651831200,287.14,287.05,94
347,America/New_York,1651834800,287.16,287.07,94
348,America/New_York,1651838400,288.16,288.01,88
349,America/New_York,1651842000,290.16,290.06,82
350,America/New_York,1651845600,291.16,291.03,77
351,America/New_York,1651849200,293.16,293.12,73
352,America/New_York,1651852800,294.16,294.22,73
353,America/New_York,1651856400,295.16,295.32,73
354,America/New_York,1651860000,296.17,296.43,73
355,America/New_York,1651863600,298.14,298.39,65
356,America/New_York,1651867200,299.13,299.13,65
357,America/New_York,1651870800,299.11,299.11,65
358,America/New_York,1651874400,293.14,293.49,88
359,America/New_York,1651878000,292.16,292.57,94
360,Asia/Shanghai,1651449600,290.66,289.46,38
361,Asia/Shanghai,1651453200,293.0,291.9,33
362,Asia/Shanghai,1651456800,295.45,294.47,28
363,Asia/Shanghai,1651460400,297.77,296.94,25
364,Asia/Shanghai,1651464000,299.01,298.25,23
365,Asia/Shanghai,1651467600,299.88,299.1,21
366,Asia/Shanghai,1651471200,300.41,299.4,20
367,Asia/Shanghai,1651474800,300.78,299.62,19
368,Asia/Shanghai,1651478400,300.83,299.65,19
369,Asia/Shanghai,1651482000,300.31,299.31,19
370,Asia/Shanghai,1651485600,299.12,299.12,22
371,Asia/Shanghai,1651489200,295.64,294.65,27
372,Asia/Shanghai,1651492800,293.74,292.61,29
373,Asia/Shanghai,1651496400,292.31,291.09,31
374,Asia/Shanghai,1651500000,291.55,290.26,31
375,Asia/Shanghai,1651503600,291.15,289.82,31
376,Asia/Shanghai,1651507200,290.54,289.14,31
377,Asia/Shanghai,1651510800,290.14,288.73,32
378,Asia/Shanghai,1651514400,289.61,288.2,34
379,Asia/Shanghai,1651518000,289.08,287.64,35
380,Asia/Shanghai,1651521600,288.33,286.87,37
381,Asia/Shanghai,1651525200,287.61,286.13,39
382,Asia/Shanghai,1651528800,288.26,286.9,41
383,Asia/Shanghai,1651532400,290.3,289.09,39
384,Asia/Shanghai,1651536000,293.45,292.4,33
385,Asia/Shanghai,1651539600,297.24,296.38,26
386,Asia/Shanghai,1651543200,301.15,299.89,20
387,Asia/Shanghai,1651546800,304.57,302.45,15
388,Asia/Shanghai,1651550400,306.53,304.08,11
389,Asia/Shanghai,1651554000,308.17,305.47,8
390,Asia/Shanghai,1651557600,308.7,305.91,6
391,Asia/Shanghai,1651561200,308.82,306.0,6
392,Asia/Shanghai,1651564800,308.34,305.61,6
393,Asia/Shanghai,1651568400,307.34,304.77,8
394,Asia/Shanghai,1651572000,304.84,302.66,10
395,Asia/Shanghai,1651575600,301.18,299.8,13
396,Asia/Shanghai,1651579200,297.77,296.73,17
397,Asia/Shanghai,1651582800,297.21,296.12,17
398,Asia/Shanghai,1651586400,298.07,297.01,15
399,Asia/Shanghai,1651590000,297.3,296.16,15
400,Asia/Shanghai,1651593600,296.22,295.03,17
401,Asia/Shanghai,1651597200,295.61,294.41,19
402,Asia/Shanghai,1651600800,293.61,292.29,22
403,Asia/Shanghai,1651604400,292.11,290.69,24
404,Asia/Shanghai,1651608000,291.21,289.72,25
405,Asia/Shanghai,1651611600,290.29,288.71,25
406,Asia/Shanghai,1651615200,290.37,288.83,26
407,Asia/Shanghai,1651618800,293.41,292.12,24
408,Asia/Shanghai,1651622400,296.94,295.9,20
409,Asia/Shanghai,1651626000,300.71,299.53,17
410,Asia/Shanghai,1651629600,303.88,301.88,15
411,Asia/Shanghai,1651633200,306.37,303.95,12
412,Asia/Shanghai,1651636800,307.61,305.0,9
413,Asia/Shanghai,1651640400,308.01,305.34,9
414,Asia/Shanghai,1651644000,308.32,305.6,8
415,Asia/Shanghai,1651647600,308.24,305.53,8
416,Asia/Shanghai,1651651200,307.86,305.2,8
417,Asia/Shanghai,1651654800,307.34,304.77,9
418,Asia/Shanghai,1651658400,305.48,303.19,10
419,Asia/Shanghai,1651662000,302.73,300.96,11
420,Asia/Shanghai,1651665600,300.95,299.62,12
421,Asia/Shanghai,1651669200,300.84,299.55,13
422,Asia/Shanghai,1651672800,299.68,299.68,13
423,Asia/Shanghai,1651676400,298.05,297.04,17
424,Asia/Shanghai,1651680000,297.62,296.59,18
425,Asia/Shanghai,1651683600,297.37,296.37,20
426,Asia/Shanghai,1651687200,297.0,296.07,24
427,Asia/Shanghai,1651690800,295.81,294.89,29
428,Asia/Shanghai,1651694400,295.01,294.14,34
429,Asia/Shanghai,1651698000,294.31,293.45,37
430,Asia/Shanghai,1651701600,294.09,293.31,41
431,Asia/Shanghai,1651705200,295.81,295.2,41
432,Asia/Shanghai,1651708800,298.07,297.61,38
433,Asia/Shanghai,1651712400,300.46,299.9,33
434,Asia/Shanghai,1651716000,302.75,301.41,28
435,Asia/Shanghai,1651719600,304.91,303.08,23
436,Asia/Shanghai,1651723200,306.41,304.35,20
437,Asia/Shanghai,1651726800,307.04,304.84,18
438,Asia/Shanghai,1651730400,307.27,305.07,18
439,Asia/Shanghai,1651734000,307.67,305.39,17
440,Asia/Shanghai,1651737600,307.42,305.14,17
441,Asia/Shanghai,1651741200,307.0,304.79,18
442,Asia/Shanghai,1651744800,305.05,303.09,21
443,Asia/Shanghai,1651748400,302.78,301.24,24
444,Asia/Shanghai,1651752000,299.83,299.34,29
445,Asia/Shanghai,1651755600,299.29,299.29,30
446,Asia/Shanghai,1651759200,297.94,297.31,32
447,Asia/Shanghai,1651762800,296.61,295.93,35
448,Asia/Shanghai,1651766400,296.01,295.29,36
449,Asia/Shanghai,1651770000,295.13,294.35,37
450,Asia/Shanghai,1651773600,294.46,293.64,38
451,Asia/Shanghai,1651777200,294.85,294.04,37
452,Asia/Shanghai,1651780800,295.31,294.52,36
453,Asia/Shanghai,1651784400,294.86,294.0,35
454,Asia/Shanghai,1651788000,292.95,291.85,33
455,Asia/Shanghai,1651791600,292.95,291.82,32
456,Asia/Shanghai,1651795200,292.8,291.6,30
457,Asia/Shanghai,1651798800,291.86,290.75,37
458,Asia/Shanghai,1651802400,291.76,290.64,37
459,Asia/Shanghai,1651806000,291.76,290.72,40
460,Asia/Shanghai,1651809600,291.32,290.29,42
461,Asia/Shanghai,1651813200,291.22,290.26,45
462,Asia/Shanghai,1651816800,291.59,290.53,40
463,Asia/Shanghai,1651820400,291.99,290.82,34
464,Asia/Shanghai,1651824000,291.13,289.92,36
465,Asia/Shanghai,1651827600,289.91,288.71,41
466,Asia/Shanghai,1651831200,288.99,287.7,41
467,Asia/Shanghai,1651834800,287.44,286.05,43
468,Asia/Shanghai,1651838400,285.54,284.09,48
469,Asia/Shanghai,1651842000,284.57,283.07,50
470,Asia/Shanghai,1651845600,283.82,282.3,52
471,Asia/Shanghai,1651849200,283.11,282.08,55
472,Asia/Shanghai,1651852800,282.56,281.46,57
473,Asia/Shanghai,1651856400,282.02,280.58,60
474,Asia/Shanghai,1651860000,281.43,280.05,63
475,Asia/Shanghai,1651863600,281.22,279.91,64
476,Asia/Shanghai,1651867200,281.03,279.38,64
477,Asia/Shanghai,1651870800,281.03,279.2,65
478,Asia/Shanghai,1651874400,282.12,280.66,65
479,Asia/Shanghai,1651878000,285.48,284.13,52
480,Etc/GMT+8,1651449600,284.35,283.82,88
481,Etc/GMT+8,1651453200,284.39,283.87,88
482,Etc/GMT+8,1651456800,284.34,283.81,88
483,Etc/GMT+8,1651460400,284.36,283.86,89
484,Etc/GMT+8,1651464000,284.41,283.89,88
485,Etc/GMT+8,1651467600,284.47,283.93,87
486,Etc/GMT+8,1651471200,284.31,283.78,88
487,Etc/GMT+8,1651474800,284.28,283.75,88
488,Etc/GMT+8,1651478400,284.32,283.79,88
489,Etc/GMT+8,1651482000,284.4,283.88,88
490,Etc/GMT+8,1651485600,284.41,283.92,89
491,Etc/GMT+8,1651489200,284.43,283.96,90
492,Etc/GMT+8,1651492800,284.23,283.77,91
493,Etc/GMT+8,1651496400,284.2,283.74,91
494,Etc/GMT+8,1651500000,284.34,283.89,91
495,Etc/GMT+8,1651503600,284.44,284.05,93
496,Etc/GMT+8,1651507200,284.54,284.19,94
497,Etc/GMT+8,1651510800,284.74,284.46,96
498,Etc/GMT+8,1651514400,284.8,284.34,89
499,Etc/GMT+8,1651518000,284.48,284.04,91
500,Etc/GMT+8,1651521600,284.42,283.98,91
501,Etc/GMT+8,1651525200,284.31,283.67,84
502,Etc/GMT+8,1651528800,284.25,283.53,81
503,Etc/GMT+8,1651532400,284.1,283.26,77
504,Etc/GMT+8,1651536000,284.24,283.42,77
505,Etc/GMT+8,1651539600,284.14,283.33,78
506,Etc/GMT+8,1651543200,284.14,283.31,77
507,Etc/GMT+8,1651546800,284.06,283.22,77
508,Etc/GMT+8,1651550400,284.12,283.23,75
509,Etc/GMT+8,1651554000,284.06,283.14,74
510,Etc/GMT+8,1651557600,283.9,283.02,76
511,Etc/GMT+8,1651561200,283.82,282.95,77
512,Etc/GMT+8,1651564800,283.84,283.03,79
513,Etc/GMT+8,1651568400,283.83,283.07,81
514,Etc/GMT+8,1651572000,283.83,283.07,81
515,Etc/GMT+8,1651575600,283.68,282.93,82
516,Etc/GMT+8,1651579200,283.77,283.05,83
517,Etc/GMT+8,1651582800,283.6,282.89,84
518,Etc/GMT+8,1651586400,283.46,282.79,86
519,Etc/GMT+8,1651590000,283.49,282.85,87
520,Etc/GMT+8,1651593600,283.41,282.76,87
521,Etc/GMT+8,1651597200,283.5,282.84,86
522,Etc/GMT+8,1651600800,283.61,282.96,86
523,Etc/GMT+8,1651604400,283.71,283.04,85
524,Etc/GMT+8,1651608000,283.81,283.15,85
525,Etc/GMT+8,1651611600,283.78,283.14,86
526,Etc/GMT+8,1651615200,283.86,283.23,86
527,Etc/GMT+8,1651618800,283.9,283.3,87
528,Etc/GMT+8,1651622400,284.03,283.45,87
529,Etc/GMT+8,1651626000,284.0,283.41,87
530,Etc/GMT+8,1651629600,284.18,283.58,86
531,Etc/GMT+8,1651633200,284.06,283.48,87
532,Etc/GMT+8,1651636800,284.11,283.56,88
533,Etc/GMT+8,1651640400,284.1,283.57,89
534,Etc/GMT+8,1651644000,284.12,283.62,90
535,Etc/GMT+8,1651647600,284.13,283.63,90
536,Etc/GMT+8,1651651200,284.06,283.58,91
537,Etc/GMT+8,1651654800,284.14,283.67,91
538,Etc/GMT+8,1651658400,283.98,283.52,92
539,Etc/GMT+8,1651662000,284.02,283.56,92
540,Etc/GMT+8,1651665600,284.04,283.61,93
541,Etc/GMT+8,1651669200,283.94,283.53,94
542,Etc/GMT+8,1651672800,283.97,283.56,94
543,Etc/GMT+8,1651676400,283.94,283.53,94
544,Etc/GMT+8,1651680000,284.02,283.62,94
545,Etc/GMT+8,1651683600,284.07,283.67,94
546,Etc/GMT+8,1651687200,283.99,283.58,94
547,Etc/GMT+8,1651690800,284.01,283.61,94
548,Etc/GMT+8,1651694400,284.11,283.72,94
549,Etc/GMT+8,1651698000,284.2,283.82,94
550,Etc/GMT+8,1651701600,284.38,284.01,94
551,Etc/GMT+8,1651705200,284.4,284.03,94
552,Etc/GMT+8,1651708800,284.27,283.92,95
553,Etc/GMT+8,1651712400,284.25,283.9,95
554,Etc/GMT+8,1651716000,284.14,283.75,94
555,Etc/GMT+8,1651719600,284.1,283.68,93
556,Etc/GMT+8,1651723200,284.2,283.79,93
557,Etc/GMT+8,1651726800,284.24,283.81,92
558,Etc/GMT+8,1651730400,284.27,283.87,93
559,Etc/GMT+8,1651734000,284.17,283.76,93
560,Etc/GMT+8,1651737600,284.21,283.8,93
561,Etc/GMT+8,1651741200,284.19,283.75,92
562,Etc/GMT+8,1651744800,284.34,283.86,90
563,Etc/GMT+8,1651748400,284.48,283.99,89
564,Etc/GMT+8,1651752000,284.62,284.15,89
565,Etc/GMT+8,1651755600,284.58,284.1,89
566,Etc/GMT+8,1651759200,284.63,284.16,89
567,Etc/GMT+8,1651762800,284.8,284.32,88
568,Etc/GMT+8,1651766400,284.9,284.4,87
569,Etc/GMT+8,1651770000,285.02,284.51,86
570,Etc/GMT+8,1651773600,284.96,284.47,87
571,Etc/GMT+8,1651777200,285.15,284.68,87
572,Etc/GMT+8,1651780800,285.2,284.73,87
573,Etc/GMT+8,1651784400,285.35,284.85,85
574,Etc/GMT+8,1651788000,285.65,285.15,84
575,Etc/GMT+8,1651791600,285.95,285.48,84
576,Etc/GMT+8,1651795200,285.79,285.33,85
577,Etc/GMT+8,1651798800,285.95,285.51,85
578,Etc/GMT+8,1651802400,285.86,285.46,87
579,Etc/GMT+8,1651806000,285.76,285.4,89
580,Etc/GMT+8,1651809600,285.82,285.52,91
581,Etc/GMT+8,1651813200,285.81,285.53,92
582,Etc/GMT+8,1651816800,285.99,285.84,96
583,Etc/GMT+8,1651820400,286.08,285.94,96
584,Etc/GMT+8,1651824000,286.13,286.02,97
585,Etc/GMT+8,1651827600,285.91,285.8,98
586,Etc/GMT+8,1651831200,285.88,285.77,98
587,Etc/GMT+8,1651834800,285.94,285.81,97
588,Etc/GMT+8,1651838400,286.24,286.09,95
589,Etc/GMT+8,1651842000,286.37,286.18,93
590,Etc/GMT+8,1651845600,286.51,286.33,93
591,Etc/GMT+8,1651849200,286.4,286.21,93
592,Etc/GMT+8,1651852800,286.46,286.27,93
593,Etc/GMT+8,1651856400,286.51,286.36,94
594,Etc/GMT+8,1651860000,286.53,286.38,94
595,Etc/GMT+8,1651863600,286.61,286.52,96
596,Etc/GMT+8,1651867200,286.92,286.86,96
597,Etc/GMT+8,1651870800,287.12,287.03,94
598,Etc/GMT+8,1651874400,287.52,287.36,90
599,Etc/GMT+8,1651878000,287.57,287.37,88
600,America/Sao_Paulo,1651449600,295.81,295.38,48
601,America/Sao_Paulo,1651453200,295.45,294.99,48
602,America/Sao_Paulo,1651456800,295.0,294.49,48
603,America/Sao_Paulo,1651460400,295.22,294.71,47
604,America/Sao_Paulo,1651464000,295.27,294.76,47
605,America/Sao_Paulo,1651467600,294.73,294.2,48
606,America/Sao_Paulo,1651471200,293.67,293.11,51
607,America/Sao_Paulo,1651474800,293.34,292.75,51
608,America/Sao_Paulo,1651478400,293.08,292.46,51
609,America/Sao_Paulo,1651482000,292.76,292.13,52
610,America/Sao_Paulo,1651485600,293.67,293.11,51
611,America/Sao_Paulo,1651489200,298.09,297.68,40
612,America/Sao_Paulo,1651492800,301.19,300.42,33
613,America/Sao_Paulo,1651496400,302.66,301.46,30
614,America/Sao_Paulo,1651500000,304.1,302.66,28
615,America/Sao_Paulo,1651503600,305.7,304.14,26
616,America/Sao_Paulo,1651507200,306.8,305.14,24
617,America/Sao_Paulo,1651510800,307.3,305.59,23
618,America/Sao_Paulo,1651514400,306.26,304.65,25
619,America/Sao_Paulo,1651518000,305.14,303.55,26
620,America/Sao_Paulo,1651521600,303.28,302.27,33
621,America/Sao_Paulo,1651525200,298.67,298.3,39
622,America/Sao_Paulo,1651528800,297.41,296.96,41
623,America/Sao_Paulo,1651532400,298.16,297.73,39
624,America/Sao_Paulo,1651536000,298.0,297.64,42
625,America/Sao_Paulo,1651539600,298.6,298.27,41
626,America/Sao_Paulo,1651543200,298.4,298.1,43
627,America/Sao_Paulo,1651546800,297.82,297.52,45
628,America/Sao_Paulo,1651550400,296.98,296.65,47
629,America/Sao_Paulo,1651554000,296.52,296.19,49
630,America/Sao_Paulo,1651557600,296.46,296.13,49
631,America/Sao_Paulo,1651561200,296.58,296.28,50
632,America/Sao_Paulo,1651564800,296.3,295.98,50
633,America/Sao_Paulo,1651568400,295.79,295.47,52
634,America/Sao_Paulo,1651572000,295.89,295.63,54
635,America/Sao_Paulo,1651575600,298.64,298.45,46
636,America/Sao_Paulo,1651579200,301.93,301.37,38
637,America/Sao_Paulo,1651582800,303.86,302.87,33
638,America/Sao_Paulo,1651586400,305.22,304.05,30
639,America/Sao_Paulo,1651590000,306.15,304.88,28
640,America/Sao_Paulo,1651593600,306.97,305.59,26
641,America/Sao_Paulo,1651597200,307.26,305.8,25
642,America/Sao_Paulo,1651600800,306.67,305.11,25
643,America/Sao_Paulo,1651604400,305.87,304.33,26
644,America/Sao_Paulo,1651608000,304.17,303.0,31
645,America/Sao_Paulo,1651611600,300.54,300.15,37
646,America/Sao_Paulo,1651615200,299.72,299.72,39
647,America/Sao_Paulo,1651618800,299.16,299.16,41
648,America/Sao_Paulo,1651622400,297.39,297.07,46
649,America/Sao_Paulo,1651626000,296.66,296.29,47
650,America/Sao_Paulo,1651629600,296.14,295.77,49
651,America/Sao_Paulo,1651633200,295.52,295.12,50
652,America/Sao_Paulo,1651636800,295.07,294.68,52
653,America/Sao_Paulo,1651640400,294.66,294.25,53
654,America/Sao_Paulo,1651644000,294.08,293.69,56
655,America/Sao_Paulo,1651647600,293.59,293.2,58
656,America/Sao_Paulo,1651651200,293.12,292.74,60
657,America/Sao_Paulo,1651654800,292.9,292.52,61
658,America/Sao_Paulo,1651658400,294.34,294.03,58
659,America/Sao_Paulo,1651662000,297.98,297.75,47
660,America/Sao_Paulo,1651665600,301.2,300.86,40
661,America/Sao_Paulo,1651669200,303.6,302.79,35
662,America/Sao_Paulo,1651672800,305.23,304.18,31
663,America/Sao_Paulo,1651676400,306.3,305.06,28
664,America/Sao_Paulo,1651680000,306.98,305.6,26
665,America/Sao_Paulo,1651683600,307.33,305.89,25
666,America/Sao_Paulo,1651687200,306.95,305.57,26
667,America/Sao_Paulo,1651690800,306.17,304.78,27
668,America/Sao_Paulo,1651694400,304.47,303.32,31
669,America/Sao_Paulo,1651698000,300.76,300.37,38
670,America/Sao_Paulo,1651701600,299.84,299.79,40
671,America/Sao_Paulo,1651705200,299.06,298.8,42
672,America/Sao_Paulo,1651708800,298.33,298.05,44
673,America/Sao_Paulo,1651712400,297.81,297.53,46
674,America/Sao_Paulo,1651716000,297.8,297.52,46
675,America/Sao_Paulo,1651719600,298.26,298.0,45
676,America/Sao_Paulo,1651723200,297.66,297.39,47
677,America/Sao_Paulo,1651726800,298.1,297.85,46
678,America/Sao_Paulo,1651730400,297.83,297.61,48
679,America/Sao_Paulo,1651734000,296.03,295.78,54
680,America/Sao_Paulo,1651737600,295.27,295.03,57
681,America/Sao_Paulo,1651741200,294.85,294.62,59
682,America/Sao_Paulo,1651744800,295.5,295.36,60
683,America/Sao_Paulo,1651748400,298.64,298.79,59
684,America/Sao_Paulo,1651752000,300.88,301.73,55
685,America/Sao_Paulo,1651755600,303.44,304.15,47
686,America/Sao_Paulo,1651759200,306.59,307.19,38
687,America/Sao_Paulo,1651762800,306.86,306.77,34
688,America/Sao_Paulo,1651766400,306.96,306.53,32
689,America/Sao_Paulo,1651770000,306.48,305.72,31
690,America/Sao_Paulo,1651773600,307.12,306.07,28
691,America/Sao_Paulo,1651777200,302.61,302.45,42
692,America/Sao_Paulo,1651780800,300.46,300.8,49
693,America/Sao_Paulo,1651784400,298.91,298.95,54
694,America/Sao_Paulo,1651788000,298.71,298.73,54
695,America/Sao_Paulo,1651791600,298.91,298.93,53
696,America/Sao_Paulo,1651795200,297.75,297.81,59
697,America/Sao_Paulo,1651798800,295.81,295.93,69
698,America/Sao_Paulo,1651802400,294.62,294.86,78
699,America/Sao_Paulo,1651806000,295.02,295.27,77
700,America/Sao_Paulo,1651809600,295.68,295.97,76
701,America/Sao_Paulo,1651813200,295.47,295.74,76
702,America/Sao_Paulo,1651816800,294.85,295.11,78
703,America/Sao_Paulo,1651820400,294.44,294.71,80
704,America/Sao_Paulo,1651824000,294.19,294.46,81
705,America/Sao_Paulo,1651827600,293.77,294.05,83
706,America/Sao_Paulo,1651831200,294.84,295.13,79
707,America/Sao_Paulo,1651834800,297.7,297.99,68
708,America/Sao_Paulo,1651838400,300.7,301.69,57
709,America/Sao_Paulo,1651842000,303.63,304.42,47
710,America/Sao_Paulo,1651845600,305.47,306.28,42
711,America/Sao_Paulo,1651849200,306.56,307.14,38
712,America/Sao_Paulo,1651852800,307.22,307.51,35
713,America/Sao_Paulo,1651856400,305.27,305.42,39
714,America/Sao_Paulo,1651860000,303.19,303.52,45
715,America/Sao_Paulo,1651863600,302.97,303.37,46
716,America/Sao_Paulo,1651867200,301.98,302.59,50
717,America/Sao_Paulo,1651870800,299.88,300.72,57
718,America/Sao_Paulo,1651874400,298.88,299.08,60
719,America/Sao_Paulo,1651878000,298.63,298.83,61
720,Africa/Cairo,1651449600,297.02,296.27,31
721,Africa/Cairo,1651453200,296.86,296.1,31
722,Africa/Cairo,1651456800,296.31,295.52,32
723,Africa/Cairo,1651460400,295.83,294.99,32
724,Africa/Cairo,1651464000,295.17,294.29,33
725,Africa/Cairo,1651467600,296.24,295.39,30
726,Africa/Cairo,1651471200,298.77,297.99,23
727,Africa/Cairo,1651474800,299.64,299.64,21
728,Africa/Cairo,1651478400,300.39,299.36,19
729,Africa/Cairo,1651482000,300.37,299.35,19
730,Africa/Cairo,1651485600,302.58,300.86,16
731,Africa/Cairo,1651489200,305.8,303.47,13
732,Africa/Cairo,1651492800,307.4,304.9,13
733,Africa/Cairo,1651496400,307.47,304.9,11
734,Africa/Cairo,1651500000,306.11,303.87,17
735,Africa/Cairo,1651503600,302.91,301.3,23
736,Africa/Cairo,1651507200,301.9,300.48,22
737,Africa/Cairo,1651510800,300.2,299.36,23
738,Africa/Cairo,1651514400,299.27,299.27,25
739,Africa/Cairo,1651518000,298.34,297.7,30
740,Africa/Cairo,1651521600,297.59,297.03,36
741,Africa/Cairo,1651525200,296.17,295.6,41
742,Africa/Cairo,1651528800,295.02,294.46,46
743,Africa/Cairo,1651532400,293.96,293.45,52
744,Africa/Cairo,1651536000,293.41,292.93,55
745,Africa/Cairo,1651539600,292.8,292.34,58
746,Africa/Cairo,1651543200,290.81,290.51,72
747,Africa/Cairo,1651546800,290.23,290.0,77
748,Africa/Cairo,1651550400,289.59,289.35,79
749,Africa/Cairo,1651554000,290.13,289.95,79
750,Africa/Cairo,1651557600,291.36,291.09,71
751,Africa/Cairo,1651561200,292.78,292.47,64
752,Africa/Cairo,1651564800,294.1,293.69,55
753,Africa/Cairo,1651568400,296.1,295.65,46
754,Africa/Cairo,1651572000,298.0,297.56,39
755,Africa/Cairo,1651575600,299.44,299.44,33
756,Africa/Cairo,1651579200,300.13,299.56,30
757,Africa/Cairo,1651582800,300.17,299.54,29
758,Africa/Cairo,1651586400,299.53,299.53,30
759,Africa/Cairo,1651590000,298.26,297.71,34
760,Africa/Cairo,1651593600,296.08,295.53,42
761,Africa/Cairo,1651597200,293.77,293.22,51
762,Africa/Cairo,1651600800,291.97,291.45,59
763,Africa/Cairo,1651604400,290.97,290.45,63
764,Africa/Cairo,1651608000,290.37,289.84,65
765,Africa/Cairo,1651611600,289.85,289.33,67
766,Africa/Cairo,1651615200,289.33,288.83,70
767,Africa/Cairo,1651618800,288.77,288.32,74
768,Africa/Cairo,1651622400,288.4,287.96,76
769,Africa/Cairo,1651626000,287.97,287.52,77
770,Africa/Cairo,1651629600,287.54,287.07,78
771,Africa/Cairo,1651633200,287.23,286.78,80
772,Africa/Cairo,1651636800,287.07,286.61,80
773,Africa/Cairo,1651640400,287.97,287.44,74
774,Africa/Cairo,1651644000,289.78,289.04,59
775,Africa/Cairo,1651647600,292.0,291.09,44
776,Africa/Cairo,1651651200,294.02,293.08,35
777,Africa/Cairo,1651654800,295.8,294.85,28
778,Africa/Cairo,1651658400,297.24,296.31,23
779,Africa/Cairo,1651662000,298.29,297.38,20
780,Africa/Cairo,1651665600,299.01,298.15,19
781,Africa/Cairo,1651669200,299.7,299.7,18
782,Africa/Cairo,1651672800,299.64,299.64,18
783,Africa/Cairo,1651676400,299.51,299.51,19
784,Africa/Cairo,1651680000,298.08,297.28,25
785,Africa/Cairo,1651683600,294.93,294.1,36
786,Africa/Cairo,1651687200,293.06,292.2,42
787,Africa/Cairo,1651690800,291.77,290.89,46
788,Africa/Cairo,1651694400,290.77,289.97,53
789,Africa/Cairo,1651698000,290.07,289.25,55
790,Africa/Cairo,1651701600,289.35,288.57,59
791,Africa/Cairo,1651705200,288.87,288.17,64
792,Africa/Cairo,1651708800,288.33,287.68,68
793,Africa/Cairo,1651712400,287.92,287.28,70
794,Africa/Cairo,1651716000,287.51,286.91,73
795,Africa/Cairo,1651719600,287.07,286.53,77
796,Africa/Cairo,1651723200,286.87,286.36,79
797,Africa/Cairo,1651726800,287.8,287.23,73
798,Africa/Cairo,1651730400,289.53,288.84,62
799,Africa/Cairo,1651734000,291.63,290.84,50
800,Africa/Cairo,1651737600,293.58,292.72,40
801,Africa/Cairo,1651741200,295.46,294.58,32
802,Africa/Cairo,1651744800,297.01,296.16,27
803,Africa/Cairo,1651748400,298.54,297.74,23
804,Africa/Cairo,1651752000,299.39,299.39,22
805,Africa/Cairo,1651755600,299.95,299.14,21
806,Africa/Cairo,1651759200,299.8,299.8,22
807,Africa/Cairo,1651762800,298.97,298.21,23
808,Africa/Cairo,1651766400,297.87,297.05,25
809,Africa/Cairo,1651770000,295.99,295.09,29
810,Africa/Cairo,1651773600,293.82,292.88,36
811,Africa/Cairo,1651777200,292.51,291.65,44
812,Africa/Cairo,1651780800,291.07,290.35,55
813,Africa/Cairo,1651784400,290.02,289.36,61
814,Africa/Cairo,1651788000,289.31,288.68,65
815,Africa/Cairo,1651791600,288.81,288.13,65
816,Africa/Cairo,1651795200,288.26,287.52,65
817,Africa/Cairo,1651798800,287.92,287.12,64
818,Africa/Cairo,1651802400,287.32,286.52,66
819,Africa/Cairo,1651806000,287.02,286.21,67
820,Africa/Cairo,1651809600,286.98,286.12,65
821,Africa/Cairo,1651813200,288.28,287.34,57
822,Africa/Cairo,1651816800,290.55,289.49,44
823,Africa/Cairo,1651820400,292.75,291.6,32
824,Africa/Cairo,1651824000,294.69,293.53,24
825,Africa/Cairo,1651827600,296.37,295.27,20
826,Africa/Cairo,1651831200,297.75,296.71,17
827,Africa/Cairo,1651834800,298.7,297.73,16
828,Africa/Cairo,1651838400,299.2,299.2,16
829,Africa/Cairo,1651842000,299.63,299.63,15
830,Africa/Cairo,1651845600,299.88,298.93,15
831,Africa/Cairo,1651849200,299.97,298.99,15
832,Africa/Cairo,1651852800,299.72,299.72,16
833,Africa/Cairo,1651856400,298.18,297.21,18
834,Africa/Cairo,1651860000,295.49,294.41,24
835,Africa/Cairo,1651863600,293.58,292.51,32
836,Africa/Cairo,1651867200,292.19,291.19,40
837,Africa/Cairo,1651870800,291.39,290.37,42
838,Africa/Cairo,1651874400,291.08,290.0,41
839,Africa/Cairo,1651878000,290.44,289.35,43
840,Europe/Moscow,1651449600,277.25,274.83,90
841,Europe/Moscow,1651453200,276.59,274.39,94
842,Europe/Moscow,1651456800,276.04,273.96,96
843,Europe/Moscow,1651460400,276.76,275.1,93
844,Europe/Moscow,1651464000,278.31,276.62,85
845,Europe/Moscow,1651467600,279.87,278.26,77
846,Europe/Moscow,1651471200,281.6,280.28,65
847,Europe/Moscow,1651474800,283.78,282.28,53
848,Europe/Moscow,1651478400,285.22,283.58,42
849,Europe/Moscow,1651482000,285.9,284.22,38
850,Europe/Moscow,1651485600,286.51,284.84,36
851,Europe/Moscow,1651489200,286.83,285.19,36
852,Europe/Moscow,1651492800,284.73,283.35,54
853,Europe/Moscow,1651496400,285.5,284.12,51
854,Europe/Moscow,1651500000,284.34,283.11,61
855,Europe/Moscow,1651503600,284.34,283.11,61
856,Europe/Moscow,1651507200,283.14,283.14,71
857,Europe/Moscow,1651510800,281.34,280.34,77
858,Europe/Moscow,1651514400,280.6,278.99,81
859,Europe/Moscow,1651518000,279.48,277.48,88
860,Europe/Moscow,1651521600,280.52,278.13,85
861,Europe/Moscow,1651525200,280.0,277.5,90
862,Europe/Moscow,1651528800,279.35,276.82,95
863,Europe/Moscow,1651532400,278.8,276.5,97
864,Europe/Moscow,1651536000,279.34,277.55,95
865,Europe/Moscow,1651539600,279.83,278.52,93
866,Europe/Moscow,1651543200,279.94,278.46,93
867,Europe/Moscow,1651546800,280.36,278.66,92
868,Europe/Moscow,1651550400,280.92,279.19,89
869,Europe/Moscow,1651554000,281.26,279.54,87
870,Europe/Moscow,1651557600,283.9,282.94,73
871,Europe/Moscow,1651561200,286.21,285.19,62
872,Europe/Moscow,1651564800,287.34,286.25,55
873,Europe/Moscow,1651568400,288.03,286.91,51
874,Europe/Moscow,1651572000,288.53,287.27,44
875,Europe/Moscow,1651575600,288.88,287.63,43
876,Europe/Moscow,1651579200,289.37,288.12,41
877,Europe/Moscow,1651582800,289.5,288.39,46
878,Europe/Moscow,1651586400,287.56,286.39,51
879,Europe/Moscow,1651590000,286.49,285.29,54
880,Europe/Moscow,1651593600,285.31,284.15,60
881,Europe/Moscow,1651597200,283.7,282.56,67
882,Europe/Moscow,1651600800,281.8,280.4,77
883,Europe/Moscow,1651604400,281.7,280.3,80
884,Europe/Moscow,1651608000,281.5,280.24,82
885,Europe/Moscow,1651611600,280.28,278.71,84
886,Europe/Moscow,1651615200,278.76,277.67,87
887,Europe/Moscow,1651618800,278.2,276.32,90
888,Europe/Moscow,1651622400,278.83,277.04,89
889,Europe/Moscow,1651626000,277.9,276.18,94
890,Europe/Moscow,1651629600,276.87,274.99,97
891,Europe/Moscow,1651633200,277.36,275.86,95
892,Europe/Moscow,1651636800,279.31,277.75,80
893,Europe/Moscow,1651640400,281.2,279.51,65
894,Europe/Moscow,1651644000,282.61,280.42,53
895,Europe/Moscow,1651647600,282.93,280.56,44
896,Europe/Moscow,1651651200,283.26,281.45,43
897,Europe/Moscow,1651654800,281.84,278.78,55
898,Europe/Moscow,1651658400,280.78,277.66,59
899,Europe/Moscow,1651662000,281.22,278.39,50
900,Europe/Moscow,1651665600,281.14,278.07,48
901,Europe/Moscow,1651669200,281.64,278.71,41
902,Europe/Moscow,1651672800,280.57,277.29,50
903,Europe/Moscow,1651676400,280.54,277.78,49
904,Europe/Moscow,1651680000,279.42,276.6,47
905,Europe/Moscow,1651683600,277.37,274.31,55
906,Europe/Moscow,1651687200,275.49,272.52,65
907,Europe/Moscow,1651690800,274.51,271.57,71
908,Europe/Moscow,1651694400,273.8,270.69,76
909,Europe/Moscow,1651698000,273.1,270.16,81
910,Europe/Moscow,1651701600,272.28,269.35,86
911,Europe/Moscow,1651705200,271.8,268.7,89
912,Europe/Moscow,1651708800,271.57,268.58,90
913,Europe/Moscow,1651712400,271.45,268.46,89
914,Europe/Moscow,1651716000,271.34,268.46,88
915,Europe/Moscow,1651719600,272.8,269.95,79
916,Europe/Moscow,1651723200,275.0,271.66,65
917,Europe/Moscow,1651726800,276.83,273.72,54
918,Europe/Moscow,1651730400,278.27,275.48,45
919,Europe/Moscow,1651734000,279.46,276.94,38
920,Europe/Moscow,1651737600,280.51,278.28,34
921,Europe/Moscow,1651741200,281.49,279.42,31
922,Europe/Moscow,1651744800,282.34,280.52,30
923,Europe/Moscow,1651748400,282.78,281.14,29
924,Europe/Moscow,1651752000,283.32,281.15,29
925,Europe/Moscow,1651755600,283.48,281.35,30
926,Europe/Moscow,1651759200,283.43,281.35,32
927,Europe/Moscow,1651762800,283.1,282.27,37
928,Europe/Moscow,1651766400,281.0,281.0,50
929,Europe/Moscow,1651770000,278.22,276.86,57
930,Europe/Moscow,1651773600,277.15,276.17,60
931,Europe/Moscow,1651777200,276.54,276.54,60
932,Europe/Moscow,1651780800,276.1,276.1,60
933,Europe/Moscow,1651784400,276.15,276.15,60
934,Europe/Moscow,1651788000,275.85,274.33,62
935,Europe/Moscow,1651791600,276.05,274.55,62
936,Europe/Moscow,1651795200,275.79,273.92,64
937,Europe/Moscow,1651798800,275.25,273.08,69
938,Europe/Moscow,1651802400,274.96,272.92,72
939,Europe/Moscow,1651806000,276.56,274.99,69
940,Europe/Moscow,1651809600,278.61,276.72,64
941,Europe/Moscow,1651813200,281.01,278.99,56
942,Europe/Moscow,1651816800,282.78,280.99,51
943,Europe/Moscow,1651820400,284.68,283.09,46
944,Europe/Moscow,1651824000,285.83,284.25,42
945,Europe/Moscow,1651827600,286.61,285.03,39
946,Europe/Moscow,1651831200,286.98,285.38,37
947,Europe/Moscow,1651834800,286.24,284.65,40
948,Europe/Moscow,1651838400,287.34,285.75,36
949,Europe/Moscow,1651842000,287.37,285.87,39
950,Europe/Moscow,1651845600,287.01,285.63,45
951,Europe/Moscow,1651849200,286.5,285.14,48
952,Europe/Moscow,1651852800,284.46,283.16,58
953,Europe/Moscow,1651856400,281.41,279.91,69
954,Europe/Moscow,1651860000,280.23,278.42,72
955,Europe/Moscow,1651863600,279.51,277.51,74
956,Europe/Moscow,1651867200,279.22,277.18,73
957,Europe/Moscow,1651870800,278.72,276.66,75
958,Europe/Moscow,1651874400,278.22,276.14,77
959,Europe/Moscow,1651878000,278.07,276.11,79
960,Australia/Sydney,1651449600,286.43,285.46,63
961,Australia/Sydney,1651453200,288.47,287.52,56
962,Australia/Sydney,1651456800,289.72,288.76,51
963,Australia/Sydney,1651460400,290.64,289.7,48
964,Australia/Sydney,1651464000,290.99,290.08,48
965,Australia/Sydney,1651467600,290.95,290.04,48
966,Australia/Sydney,1651471200,290.58,289.76,53
967,Australia/Sydney,1651474800,287.46,286.57,62
968,Australia/Sydney,1651478400,285.5,284.51,66
969,Australia/Sydney,1651482000,284.68,283.72,70
970,Australia/Sydney,1651485600,283.99,283.01,72
971,Australia/Sydney,1651489200,281.24,281.24,74
972,Australia/Sydney,1651492800,280.83,280.83,77
973,Australia/Sydney,1651496400,280.27,280.27,79
974,Australia/Sydney,1651500000,279.16,279.16,80
975,Australia/Sydney,1651503600,279.72,279.72,82
976,Australia/Sydney,1651507200,278.61,277.69,83
977,Australia/Sydney,1651510800,278.05,278.05,85
978,Australia/Sydney,1651514400,278.61,278.61,85
979,Australia/Sydney,1651518000,277.49,277.49,86
980,Australia/Sydney,1651521600,277.58,277.58,86
981,Australia/Sydney,1651525200,277.49,277.49,85
982,Australia/Sydney,1651528800,280.36,280.36,76
983,Australia/Sydney,1651532400,284.81,283.81,68
984,Australia/Sydney,1651536000,288.14,287.34,63
985,Australia/Sydney,1651539600,288.47,287.6,59
986,Australia/Sydney,1651543200,290.29,289.5,55
987,Australia/Sydney,1651546800,291.73,290.98,51
988,Australia/Sydney,1651550400,292.06,291.26,48
989,Australia/Sydney,1651554000,291.73,290.87,47
990,Australia/Sydney,1651557600,290.92,290.21,56
991,Australia/Sydney,1651561200,288.61,287.93,66
992,Australia/Sydney,1651564800,286.07,285.27,71
993,Australia/Sydney,1651568400,284.32,283.45,75
994,Australia/Sydney,1651572000,283.38,282.5,78
995,Australia/Sydney,1651575600,281.94,281.94,80
996,Australia/Sydney,1651579200,281.38,281.38,81
997,Australia/Sydney,1651582800,280.27,280.27,83
998,Australia/Sydney,1651586400,279.16,279.16,85
999,Australia/Sydney,1651590000,279.72,279.72,86
1000,Australia/Sydney,1651593600,278.61,278.61,87
1001,Australia/Sydney,1651597200,278.05,278.05,88
1002,Australia/Sydney,1651600800,280.36,280.36,88
1003,Australia/Sydney,1651604400,278.61,278.61,89
1004,Australia/Sydney,1651608000,278.7,278.7,89
1005,Australia/Sydney,1651611600,279.25,279.25,88
1006,Australia/Sydney,1651615200,280.92,280.92,81
1007,Australia/Sydney,1651618800,282.58,281.31,72
1008,Australia/Sydney,1651622400,286.36,285.69,75
1009,Australia/Sydney,1651626000,286.34,285.54,70
1010,Australia/Sydney,1651629600,287.58,286.85,68
1011,Australia/Sydney,1651633200,286.5,285.85,75
1012,Australia/Sydney,1651636800,287.53,287.48,94
1013,Australia/Sydney,1651640400,287.28,287.18,93
1014,Australia/Sydney,1651644000,287.05,287.0,96
1015,Australia/Sydney,1651647600,286.57,286.47,96
1016,Australia/Sydney,1651651200,285.83,285.66,96
1017,Australia/Sydney,1651654800,285.62,285.43,96
1018,Australia/Sydney,1651658400,285.27,285.07,97
1019,Australia/Sydney,1651662000,285.27,285.1,98
1020,Australia/Sydney,1651665600,285.39,285.23,98
1021,Australia/Sydney,1651669200,284.91,284.7,98
1022,Australia/Sydney,1651672800,284.91,284.67,97
1023,Australia/Sydney,1651676400,284.91,284.67,97
1024,Australia/Sydney,1651680000,285.39,285.23,98
1025,Australia/Sydney,1651683600,284.91,284.7,98
1026,Australia/Sydney,1651687200,284.98,284.78,98
1027,Australia/Sydney,1651690800,284.83,284.64,99
1028,Australia/Sydney,1651694400,283.72,283.39,98
1029,Australia/Sydney,1651698000,283.09,282.31,97
1030,Australia/Sydney,1651701600,282.91,282.23,94
1031,Australia/Sydney,1651705200,284.76,284.25,87
1032,Australia/Sydney,1651708800,286.09,285.37,74
1033,Australia/Sydney,1651712400,287.09,286.11,60
1034,Australia/Sydney,1651716000,288.62,287.55,51
1035,Australia/Sydney,1651719600,288.57,287.42,48
1036,Australia/Sydney,1651723200,289.05,288.03,51
1037,Australia/Sydney,1651726800,287.28,286.16,54
1038,Australia/Sydney,1651730400,286.73,285.63,57
1039,Australia/Sydney,1651734000,284.91,283.73,61
1040,Australia/Sydney,1651737600,283.17,281.9,64
1041,Australia/Sydney,1651741200,282.43,280.95,64
1042,Australia/Sydney,1651744800,281.88,280.5,62
1043,Australia/Sydney,1651748400,280.6,279.26,61
1044,Australia/Sydney,1651752000,279.8,278.39,57
1045,Australia/Sydney,1651755600,278.21,276.12,58
1046,Australia/Sydney,1651759200,276.84,274.84,62
1047,Australia/Sydney,1651762800,276.28,274.24,67
1048,Australia/Sydney,1651766400,275.32,273.22,70
1049,Australia/Sydney,1651770000,275.46,273.4,71
1050,Australia/Sydney,1651773600,274.29,272.17,73
1051,Australia/Sydney,1651777200,273.73,271.55,75
1052,Australia/Sydney,1651780800,273.61,271.53,77
1053,Australia/Sydney,1651784400,274.16,271.97,77
1054,Australia/Sydney,1651788000,275.83,273.48,70
1055,Australia/Sydney,1651791600,278.73,276.01,62
1056,Australia/Sydney,1651795200,281.25,278.53,60
1057,Australia/Sydney,1651798800,282.98,280.29,56
1058,Australia/Sydney,1651802400,284.05,282.55,52
1059,Australia/Sydney,1651806000,285.16,283.7,49
1060,Australia/Sydney,1651809600,283.8,282.17,48
1061,Australia/Sydney,1651813200,284.31,282.79,50
1062,Australia/Sydney,1651816800,282.91,280.07,53
1063,Australia/Sydney,1651820400,281.5,278.77,61
1064,Australia/Sydney,1651824000,279.99,277.99,70
1065,Australia/Sydney,1651827600,278.95,277.41,73
1066,Australia/Sydney,1651831200,278.24,276.74,73
1067,Australia/Sydney,1651834800,277.61,275.75,74
1068,Australia/Sydney,1651838400,277.53,275.38,73
1069,Australia/Sydney,1651842000,277.07,274.77,76
1070,Australia/Sydney,1651845600,277.16,274.9,79
1071,Australia/Sydney,1651849200,276.93,274.41,81
1072,Australia/Sydney,1651852800,277.09,274.59,84
1073,Australia/Sydney,1651856400,277.18,274.7,86
1074,Australia/Sydney,1651860000,277.68,275.19,88
1075,Australia/Sydney,1651863600,277.13,274.5,90
1076,Australia/Sydney,1651867200,276.5,273.65,90
1077,Australia/Sydney,1651870800,275.87,273.06,89
1078,Australia/Sydney,1651874400,277.68,274.86,79
1079,Australia/Sydney,1651878000,279.25,275.86,66
